enrollee_id,target
32403,0.2052694254242312
9858,0.531613298539305
31806,0.8143313449628915
27385,0.17289434599194045
27724,0.23007275694725976
217,0.3744616794243352
21465,0.8442086176083075
27302,0.531613298539305
12994,0.531613298539305
16287,0.8143313449628915
10856,0.5926219304546383
9272,0.31990621482499876
14249,0.17961712239156413
24372,0.17289434599194045
14070,0.7149959728340222
24914,0.7914844758217565
7865,0.7521176148043263
7463,0.3744616794243352
21514,0.8143313449628915
29033,0.8143313449628915
15359,0.7149959728340222
16001,0.17289434599194045
25202,0.7521176148043263
5058,0.7149959728340222
23570,0.31990621482499876
19139,0.531613298539305
9548,0.258793715641035
8799,0.7149959728340222
11113,0.3744616794243352
19437,0.8498425814628354
394,0.531613298539305
7683,0.531613298539305
22849,0.531613298539305
17189,0.8143313449628915
28610,0.3744616794243352
25608,0.3744616794243352
22139,0.23007275694725976
19644,0.23007275694725976
18517,0.8072651619207
12835,0.07667934347211158
20178,0.3744616794243352
25855,0.531613298539305
32126,0.23007275694725976
22753,0.531613298539305
18133,0.7149959728340222
29242,0.7521176148043263
6312,0.531613298539305
113,0.17289434599194045
14685,0.5025100460078044
20768,0.3744616794243352
25906,0.531613298539305
20142,0.531613298539305
25891,0.23007275694725976
4742,0.7149959728340222
2222,0.17289434599194045
16917,0.5926219304546383
10493,0.8442086176083075
10418,0.17961712239156413
9766,0.23007275694725976
1361,0.531613298539305
19625,0.258793715641035
20943,0.23007275694725976
9561,0.258793715641035
4271,0.2052694254242312
2094,0.31990621482499876
16931,0.531613298539305
27298,0.8143313449628915
26493,0.7149959728340222
30745,0.531613298539305
21052,0.531613298539305
20723,0.8031827329276716
13539,0.1687122022372168
3214,0.23007275694725976
16230,0.5926219304546383
25300,0.07667934347211158
24018,0.8498425814628354
21833,0.531613298539305
30632,0.258793715641035
4334,0.5926219304546383
22271,0.7149959728340222
28776,0.23007275694725976
27769,0.8143313449628915
25909,0.23007275694725976
31266,0.2052694254242312
7973,0.17289434599194045
30867,0.7521176148043263
22501,0.23007275694725976
2539,0.23007275694725976
26681,0.23007275694725976
16184,0.3744616794243352
3852,0.23007275694725976
1680,0.4446468611598597
3562,0.23007275694725976
8488,0.6436563824073518
8373,0.23007275694725976
2934,0.23007275694725976
12919,0.531613298539305
4386,0.8143313449628915
22462,0.8143313449628915
13988,0.23007275694725976
21230,0.5926219304546383
26180,0.9282897472502564
16658,0.531613298539305
10324,0.23007275694725976
20453,0.531613298539305
13485,0.23007275694725976
33080,0.531613298539305
25492,0.531613298539305
1319,0.7149959728340222
19146,0.531613298539305
29339,0.3744616794243352
33177,0.531613298539305
22143,0.2052694254242312
22264,0.531613298539305
17034,0.23007275694725976
27002,0.8143313449628915
21318,0.17289434599194045
12308,0.30496308099208713
842,0.8143313449628915
4926,0.5926219304546383
3,0.3744616794243352
19567,0.7521176148043263
12809,0.17289434599194045
22682,0.35875538428276443
1216,0.23007275694725976
4417,0.7149959728340222
24162,0.8143313449628915
16873,0.2052694254242312
21920,0.35875538428276443
24230,0.8143313449628915
5189,0.3744616794243352
24396,0.31990621482499876
770,0.3744616794243352
30913,0.46598286222544777
14566,0.2052694254242312
15634,0.23007275694725976
18163,0.3744616794243352
16673,0.8143313449628915
18805,0.3744616794243352
15367,0.7149959728340222
22556,0.7789786095954948
27439,0.531613298539305
18426,0.8260044857058402
9789,0.23007275694725976
28172,0.23007275694725976
9184,0.17289434599194045
3587,0.3744616794243352
1167,0.23007275694725976
1663,0.3744616794243352
20948,0.31990621482499876
31594,0.3744616794243352
27117,0.7149959728340222
678,0.17289434599194045
1441,0.5926219304546383
31272,0.8143313449628915
12443,0.17961712239156413
32981,0.3744616794243352
1317,0.17289434599194045
4601,0.2259049168644711
30498,0.30496308099208713
7863,0.7149959728340222
8744,0.3744616794243352
14698,0.2052694254242312
10021,0.17289434599194045
15253,0.3744616794243352
18108,0.23007275694725976
31410,0.23007275694725976
30532,0.2052694254242312
31733,0.5926219304546383
28833,0.8143313449628915
8708,0.8143313449628915
10050,0.23007275694725976
21685,0.17908288046862147
18529,0.3666620773353321
1850,0.35875538428276443
22639,0.31990621482499876
5967,0.8498425814628354
20977,0.17289434599194045
5391,0.8143313449628915
4398,0.8031827329276716
18383,0.7521176148043263
17336,0.8143313449628915
7470,0.17289434599194045
24781,0.5926219304546383
24202,0.531613298539305
20650,0.3666620773353321
5377,0.10236038885701704
31693,0.23007275694725976
28619,0.7149959728340222
15432,0.30496308099208713
22999,0.8442086176083075
8377,0.23007275694725976
9302,0.531613298539305
16158,0.17752659920059546
29575,0.8143313449628915
16573,0.23007275694725976
30736,0.5926219304546383
20612,0.8116917265951791
11976,0.3744616794243352
28302,0.2052694254242312
9462,0.8116917265951791
14512,0.8143313449628915
8401,0.3744616794243352
19780,0.2052694254242312
2594,0.8143313449628915
1466,0.23007275694725976
17205,0.10236038885701704
12990,0.23007275694725976
4234,0.17289434599194045
18171,0.531613298539305
15457,0.531613298539305
23319,0.8143313449628915
10598,0.07667934347211158
7788,0.9151644129778143
32021,0.23007275694725976
23969,0.3469425501801335
13037,0.258793715641035
30196,0.07667934347211158
19504,0.9218199994271928
16336,0.8031827329276716
6048,0.23007275694725976
6827,0.7521176148043263
9268,0.2052694254242312
11169,0.8143313449628915
31131,0.46598286222544777
12361,0.8143313449628915
15165,0.7149959728340222
27773,0.258793715641035
15266,0.2052694254242312
26289,0.2052694254242312
32553,0.3744616794243352
33062,0.07667934347211158
8818,0.17289434599194045
15380,0.8143313449628915
30120,0.7521176148043263
24317,0.8143313449628915
412,0.46598286222544777
30607,0.4446468611598597
8513,0.3744616794243352
8596,0.23007275694725976
14539,0.2052694254242312
20456,0.8031827329276716
15221,0.531613298539305
28968,0.3744616794243352
21648,0.23007275694725976
3210,0.23007275694725976
22118,0.531613298539305
5605,0.17961712239156413
30930,0.2052694254242312
28718,0.531613298539305
8141,0.7149959728340222
3486,0.23007275694725976
8805,0.5926219304546383
6602,0.3666620773353321
14916,0.31990621482499876
21636,0.07524198189713804
9047,0.531613298539305
6694,0.23007275694725976
17793,0.8143313449628915
32857,0.17289434599194045
26325,0.8143313449628915
20907,0.5926219304546383
12617,0.1687122022372168
24295,0.23007275694725976
32409,0.8143313449628915
16713,0.531613298539305
4863,0.8143313449628915
13274,0.8143313449628915
12462,0.8143313449628915
8524,0.17289434599194045
21728,0.17289434599194045
20577,0.8143313449628915
3407,0.9218199994271928
27184,0.258793715641035
28845,0.2052694254242312
2851,0.23007275694725976
485,0.531613298539305
7207,0.17289434599194045
9005,0.7521176148043263
4532,0.17289434599194045
23235,0.2052694254242312
5403,0.3744616794243352
8232,0.531613298539305
40,0.8116917265951791
8991,0.7149959728340222
28620,0.23007275694725976
16355,0.8143313449628915
18340,0.8031827329276716
5138,0.7149959728340222
12391,0.3744616794243352
15550,0.3744616794243352
27155,0.3744616794243352
19883,0.531613298539305
25140,0.531613298539305
27463,0.07524198189713804
23894,0.7149959728340222
18285,0.5926219304546383
25415,0.531613298539305
9894,0.2052694254242312
15242,0.531613298539305
8485,0.7149959728340222
11982,0.3744616794243352
28370,0.531613298539305
17047,0.46598286222544777
24941,0.8143313449628915
28936,0.4892423734332548
9562,0.531613298539305
30061,0.17289434599194045
2718,0.8143313449628915
24681,0.23007275694725976
16210,0.31990621482499876
1517,0.17908288046862147
29475,0.46598286222544777
32233,0.8143313449628915
26601,0.531613298539305
22457,0.7521176148043263
30759,0.7789786095954948
27417,0.23007275694725976
18983,0.7149959728340222
32085,0.23007275694725976
13197,0.531613298539305
14026,0.531613298539305
19719,0.8143313449628915
30046,0.17289434599194045
10446,0.7783791724980474
5907,0.531613298539305
1392,0.5926219304546383
10348,0.7149959728340222
7957,0.3744616794243352
19058,0.5926219304546383
19243,0.17289434599194045
7770,0.17908288046862147
15910,0.17289434599194045
30486,0.7149959728340222
20333,0.5025100460078044
6816,0.7914844758217565
26209,0.2052694254242312
10803,0.258793715641035
26411,0.3744616794243352
31555,0.2052694254242312
15564,0.30496308099208713
28764,0.8116917265951791
14172,0.23007275694725976
3068,0.8143313449628915
27164,0.2052694254242312
20887,0.17289434599194045
27102,0.3744616794243352
14534,0.17289434599194045
9021,0.23007275694725976
6527,0.7149959728340222
7615,0.23007275694725976
11392,0.23007275694725976
33148,0.7521176148043263
20910,0.7149959728340222
20269,0.23007275694725976
23670,0.7149959728340222
19946,0.23007275694725976
29652,0.7149959728340222
23770,0.31990621482499876
24340,0.17289434599194045
18737,0.17289434599194045
24739,0.23007275694725976
31072,0.3744616794243352
32629,0.7149959728340222
4184,0.23007275694725976
19028,0.46598286222544777
12295,0.3744616794243352
17898,0.3744616794243352
25160,0.8143313449628915
13000,0.531613298539305
8849,0.3744616794243352
4773,0.2052694254242312
23867,0.4491374153451415
25341,0.17289434599194045
1456,0.531613298539305
22152,0.17289434599194045
6560,0.17752659920059546
22829,0.07524198189713804
4745,0.531613298539305
22814,0.23007275694725976
23233,0.3744616794243352
26370,0.3666620773353321
12695,0.9282897472502564
11888,0.5025100460078044
319,0.531613298539305
2510,0.920500645841841
5298,0.17289434599194045
18400,0.2052694254242312
30849,0.8143313449628915
31123,0.531613298539305
15829,0.23007275694725976
15578,0.2052694254242312
4037,0.531613298539305
29658,0.2052694254242312
10171,0.23007275694725976
1937,0.23007275694725976
7376,0.2052694254242312
25243,0.258793715641035
9234,0.2052694254242312
8471,0.531613298539305
5367,0.23007275694725976
5576,0.23007275694725976
5488,0.17752659920059546
18306,0.17289434599194045
2063,0.17289434599194045
14205,0.23007275694725976
16490,0.531613298539305
10560,0.2052694254242312
23064,0.2052694254242312
32545,0.17289434599194045
29833,0.7149959728340222
14200,0.17289434599194045
29830,0.8143313449628915
21423,0.8116917265951791
13869,0.31324876059700435
28259,0.2052694254242312
9618,0.531613298539305
18209,0.8143313449628915
27437,0.3744616794243352
17129,0.5926219304546383
8349,0.4446468611598597
6179,0.23007275694725976
28842,0.7149959728340222
26563,0.2052694254242312
19256,0.7149959728340222
25579,0.23007275694725976
27521,0.23007275694725976
31378,0.23007275694725976
14870,0.7521176148043263
11929,0.23007275694725976
14585,0.8143313449628915
32487,0.8260044857058402
15593,0.531613298539305
13170,0.5926219304546383
24544,0.258793715641035
11613,0.8143313449628915
30221,0.920500645841841
28251,0.2052694254242312
4062,0.23007275694725976
29018,0.23007275694725976
26433,0.17289434599194045
5489,0.531613298539305
19459,0.531613298539305
6017,0.42537940336651436
24261,0.8143313449628915
16705,0.531613298539305
16540,0.8143313449628915
7508,0.23007275694725976
32650,0.3656723586515532
21381,0.8143313449628915
9487,0.8143313449628915
9040,0.2259049168644711
12854,0.23007275694725976
32495,0.7149959728340222
1622,0.7149959728340222
15660,0.8143313449628915
4052,0.23007275694725976
23279,0.531613298539305
20286,0.5926219304546383
13832,0.8260044857058402
8066,0.3744616794243352
31585,0.2052694254242312
1249,0.17289434599194045
10843,0.23007275694725976
9706,0.30496308099208713
14601,0.920500645841841
5823,0.3744616794243352
1148,0.17752659920059546
31284,0.17289434599194045
21383,0.3744616794243352
32156,0.3744616794243352
14110,0.30496308099208713
20035,0.8143313449628915
20872,0.3469425501801335
14568,0.8143313449628915
12115,0.258793715641035
26440,0.2052694254242312
28319,0.17289434599194045
11654,0.3744616794243352
22964,0.10236038885701704
6834,0.17289434599194045
15305,0.7149959728340222
14669,0.8143313449628915
15978,0.23007275694725976
32027,0.531613298539305
4806,0.30496308099208713
23700,0.46598286222544777
5956,0.10236038885701704
2441,0.23007275694725976
20068,0.531613298539305
18369,0.7783791724980474
28121,0.9218199994271928
15061,0.2052694254242312
7443,0.17289434599194045
14456,0.8143313449628915
1864,0.23007275694725976
23766,0.17908288046862147
13051,0.3744616794243352
25644,0.23007275694725976
16941,0.531613298539305
30388,0.17289434599194045
5861,0.23007275694725976
9840,0.258793715641035
16203,0.531613298539305
23986,0.8143313449628915
6889,0.2052694254242312
3658,0.3744616794243352
4004,0.17289434599194045
14620,0.23007275694725976
18979,0.258793715641035
25101,0.6436563824073518
10873,0.10236038885701704
24570,0.23007275694725976
25051,0.7149959728340222
22366,0.3744616794243352
11762,0.07524198189713804
9993,0.2259049168644711
31464,0.3744616794243352
5040,0.31990621482499876
976,0.23007275694725976
30784,0.2052694254242312
31557,0.7149959728340222
22982,0.17289434599194045
29300,0.17289434599194045
5932,0.2052694254242312
31852,0.531613298539305
20833,0.17289434599194045
9501,0.17289434599194045
9707,0.7149959728340222
20756,0.4892423734332548
11541,0.258793715641035
28084,0.23007275694725976
9726,0.531613298539305
31483,0.35875538428276443
17440,0.531613298539305
30836,0.7149959728340222
139,0.2052694254242312
2606,0.7149959728340222
14158,0.5926219304546383
13100,0.531613298539305
30502,0.2052694254242312
24245,0.17289434599194045
28562,0.3744616794243352
12735,0.531613298539305
4114,0.531613298539305
30367,0.3744616794243352
5412,0.531613298539305
27834,0.2052694254242312
4709,0.3744616794243352
23880,0.7149959728340222
18607,0.531613298539305
15527,0.17289434599194045
13748,0.4446468611598597
24331,0.638599474696108
10636,0.23007275694725976
12488,0.8143313449628915
16660,0.17289434599194045
2892,0.3744616794243352
6332,0.5926219304546383
6504,0.8143313449628915
19043,0.531613298539305
22715,0.31990621482499876
27606,0.23007275694725976
33052,0.17289434599194045
6793,0.3744616794243352
16595,0.8260044857058402
18261,0.23007275694725976
27307,0.2052694254242312
25699,0.7149959728340222
11707,0.5926219304546383
21613,0.7521176148043263
32057,0.3744616794243352
115,0.17289434599194045
6823,0.17752659920059546
14353,0.4892423734332548
26805,0.7149959728340222
15635,0.3744616794243352
26417,0.17289434599194045
3848,0.531613298539305
17211,0.8143313449628915
13103,0.23007275694725976
5243,0.9218199994271928
2107,0.531613298539305
30974,0.531613298539305
2998,0.3656723586515532
22975,0.531613298539305
27239,0.8116917265951791
18463,0.7149959728340222
21490,0.7521176148043263
30657,0.30496308099208713
32075,0.8143313449628915
31141,0.2052694254242312
2340,0.2052694254242312
21188,0.3656723586515532
24156,0.7149959728340222
32584,0.31990621482499876
6515,0.8143313449628915
14292,0.23007275694725976
16125,0.23007275694725976
25802,0.5926219304546383
19385,0.7783791724980474
27304,0.3744616794243352
3697,0.8143313449628915
11800,0.3794605434347983
180,0.30496308099208713
7733,0.8143313449628915
6935,0.3744616794243352
4082,0.23007275694725976
31959,0.17289434599194045
25113,0.8072651619207
14329,0.3744616794243352
15570,0.2052694254242312
32516,0.8143313449628915
2535,0.1687122022372168
16014,0.17289434599194045
24251,0.2259049168644711
31019,0.7149959728340222
21012,0.531613298539305
22140,0.30496308099208713
21462,0.8116917265951791
20786,0.3744616794243352
32404,0.531613298539305
16084,0.8143313449628915
20103,0.5926219304546383
22525,0.23007275694725976
13230,0.531613298539305
29502,0.17289434599194045
11646,0.4294245871778789
6058,0.258793715641035
30892,0.2052694254242312
31017,0.7149959728340222
23803,0.531613298539305
6831,0.8143313449628915
20380,0.8143313449628915
15629,0.23007275694725976
17342,0.30496308099208713
22359,0.7149959728340222
27610,0.2052694254242312
26769,0.7149959728340222
3979,0.17961712239156413
25171,0.2259049168644711
23379,0.7149959728340222
18138,0.17289434599194045
31687,0.17289434599194045
23739,0.3744616794243352
8392,0.7789786095954948
6427,0.258793715641035
27813,0.2052694254242312
20687,0.5025100460078044
22527,0.8143313449628915
33343,0.8442086176083075
818,0.31324876059700435
31669,0.8143313449628915
10952,0.5025100460078044
16331,0.17289434599194045
32029,0.23007275694725976
21152,0.23007275694725976
23488,0.30496308099208713
11945,0.8143313449628915
1670,0.46598286222544777
16104,0.5926219304546383
4158,0.46598286222544777
29781,0.17752659920059546
6720,0.9282897472502564
14369,0.3744616794243352
20235,0.3744616794243352
3617,0.531613298539305
30756,0.7783791724980474
22625,0.7521176148043263
22057,0.7521176148043263
20635,0.9151644129778143
1588,0.2259049168644711
234,0.23007275694725976
18752,0.8143313449628915
18128,0.3744616794243352
18260,0.531613298539305
19332,0.23007275694725976
9564,0.23007275694725976
5685,0.23007275694725976
18063,0.531613298539305
27124,0.23007275694725976
3395,0.3744616794243352
22310,0.17289434599194045
15977,0.4892423734332548
4917,0.23007275694725976
19102,0.31990621482499876
23275,0.5926219304546383
13157,0.531613298539305
13269,0.17289434599194045
29977,0.8143313449628915
20571,0.17289434599194045
23883,0.8143313449628915
33033,0.531613298539305
10579,0.8143313449628915
5258,0.7914844758217565
853,0.23007275694725976
27245,0.7521176148043263
30670,0.531613298539305
22497,0.31990621482499876
3218,0.17289434599194045
464,0.10236038885701704
15770,0.23007275694725976
18264,0.23007275694725976
32066,0.9151644129778143
11386,0.5926219304546383
17502,0.531613298539305
32273,0.8143313449628915
27543,0.17289434599194045
16317,0.7914844758217565
2852,0.23007275694725976
5056,0.31324876059700435
17504,0.7149959728340222
24585,0.8442086176083075
11734,0.3744616794243352
16675,0.17289434599194045
23344,0.8031827329276716
21786,0.2259049168644711
31079,0.8143313449628915
33251,0.23007275694725976
7805,0.17289434599194045
8911,0.531613298539305
7315,0.1687122022372168
28132,0.7149959728340222
8367,0.531613298539305
27909,0.42537940336651436
32320,0.17289434599194045
15441,0.531613298539305
25999,0.7149959728340222
20169,0.5926219304546383
11682,0.258793715641035
26581,0.531613298539305
14832,0.8143313449628915
18023,0.4446468611598597
18963,0.17289434599194045
9105,0.531613298539305
18344,0.8143313449628915
576,0.23007275694725976
2656,0.5025100460078044
16881,0.5926219304546383
30245,0.8143313449628915
9630,0.23007275694725976
3580,0.23007275694725976
14773,0.3744616794243352
31238,0.17961712239156413
1633,0.2052694254242312
1995,0.7149959728340222
30587,0.531613298539305
32369,0.531613298539305
3722,0.8143313449628915
10721,0.2259049168644711
407,0.17289434599194045
31098,0.17289434599194045
4053,0.31324876059700435
13782,0.5025100460078044
20767,0.531613298539305
20113,0.3666620773353321
4674,0.7149959728340222
2444,0.531613298539305
19966,0.23007275694725976
26367,0.31990621482499876
19508,0.23007275694725976
13006,0.3744616794243352
7563,0.17289434599194045
25993,0.17289434599194045
18013,0.531613298539305
27699,0.23007275694725976
3003,0.17289434599194045
6620,0.23007275694725976
4364,0.17289434599194045
2296,0.2052694254242312
17958,0.531613298539305
9740,0.31324876059700435
1304,0.2052694254242312
28735,0.17289434599194045
32212,0.3744616794243352
14053,0.7149959728340222
22641,0.531613298539305
17900,0.7521176148043263
31333,0.531613298539305
501,0.8143313449628915
18104,0.531613298539305
6092,0.17961712239156413
17249,0.258793715641035
1227,0.7149959728340222
23515,0.23007275694725976
16309,0.17289434599194045
5368,0.8143313449628915
27693,0.23007275694725976
2582,0.23007275694725976
12096,0.3744616794243352
17526,0.17289434599194045
23647,0.23007275694725976
11440,0.531613298539305
7942,0.17289434599194045
12064,0.531613298539305
2170,0.17961712239156413
15663,0.7149959728340222
18378,0.8143313449628915
5943,0.23007275694725976
8578,0.42537940336651436
28645,0.42537940336651436
5101,0.7789786095954948
14529,0.5025100460078044
26235,0.531613298539305
24260,0.30496308099208713
17549,0.9282897472502564
17610,0.23007275694725976
10246,0.5926219304546383
8990,0.5926219304546383
20459,0.7521176148043263
22775,0.7521176148043263
11212,0.3744616794243352
11963,0.3744616794243352
14516,0.8143313449628915
6464,0.531613298539305
31981,0.5926219304546383
19350,0.23007275694725976
675,0.531613298539305
3374,0.8143313449628915
24495,0.258793715641035
8484,0.23007275694725976
12459,0.8143313449628915
29414,0.23007275694725976
10548,0.17289434599194045
29383,0.7149959728340222
13373,0.8143313449628915
21283,0.3744616794243352
2280,0.8143313449628915
5624,0.531613298539305
6778,0.8143313449628915
2926,0.258793715641035
20431,0.3794605434347983
29537,0.3744616794243352
4450,0.9218199994271928
25833,0.8143313449628915
33112,0.17289434599194045
547,0.23007275694725976
9270,0.3666620773353321
15566,0.2052694254242312
30826,0.23007275694725976
250,0.3744616794243352
25714,0.3744616794243352
28267,0.8442086176083075
4504,0.8143313449628915
12581,0.2052694254242312
15483,0.1687122022372168
2894,0.531613298539305
15726,0.531613298539305
17117,0.2052694254242312
14182,0.7149959728340222
3699,0.531613298539305
29624,0.7149959728340222
16168,0.17961712239156413
9800,0.31324876059700435
9544,0.8031827329276716
1433,0.531613298539305
27458,0.3656723586515532
4804,0.7783791724980474
24376,0.30496308099208713
31613,0.23007275694725976
26895,0.17752659920059546
17085,0.3744616794243352
22698,0.8143313449628915
146,0.531613298539305
24022,0.8143313449628915
14658,0.23007275694725976
21548,0.17289434599194045
9827,0.3744616794243352
18544,0.638599474696108
28874,0.17289434599194045
6361,0.2052694254242312
13089,0.3744616794243352
23426,0.17289434599194045
22520,0.8143313449628915
9649,0.531613298539305
23255,0.7149959728340222
24081,0.7149959728340222
23116,0.3744616794243352
27338,0.8116917265951791
14873,0.23007275694725976
11886,0.3744616794243352
9207,0.2052694254242312
3291,0.23007275694725976
5002,0.3469425501801335
6768,0.8143313449628915
6281,0.46598286222544777
11155,0.17908288046862147
14342,0.1687122022372168
10394,0.17752659920059546
14014,0.17289434599194045
28671,0.23007275694725976
5109,0.17289434599194045
31775,0.2259049168644711
17944,0.17289434599194045
7499,0.2052694254242312
13124,0.7149959728340222
22808,0.7521176148043263
29695,0.531613298539305
6167,0.531613298539305
137,0.23007275694725976
19494,0.2052694254242312
33277,0.8143313449628915
3760,0.23007275694725976
6837,0.7149959728340222
27220,0.5025100460078044
26985,0.531613298539305
23667,0.5926219304546383
7793,0.2259049168644711
11502,0.8143313449628915
5882,0.531613298539305
24978,0.8143313449628915
25866,0.23007275694725976
30020,0.5926219304546383
5380,0.23007275694725976
20045,0.531613298539305
26651,0.23007275694725976
14077,0.17289434599194045
32000,0.5926219304546383
26694,0.8143313449628915
167,0.531613298539305
28381,0.3744616794243352
24612,0.2052694254242312
17481,0.4491374153451415
28007,0.7149959728340222
26178,0.8143313449628915
13467,0.30496308099208713
5720,0.8143313449628915
18565,0.8442086176083075
17018,0.23007275694725976
13047,0.2052694254242312
20475,0.8143313449628915
5150,0.23007275694725976
31451,0.7521176148043263
14621,0.07667934347211158
29123,0.2052694254242312
13949,0.7789786095954948
2269,0.8143313449628915
12814,0.2259049168644711
5255,0.8143313449628915
3880,0.3744616794243352
25297,0.23007275694725976
27008,0.8143313449628915
1886,0.17289434599194045
31129,0.5926219304546383
1123,0.23007275694725976
9149,0.3744616794243352
21962,0.531613298539305
462,0.8143313449628915
2677,0.8143313449628915
18648,0.2052694254242312
25612,0.3744616794243352
2784,0.5025100460078044
33064,0.7521176148043263
3543,0.531613298539305
16419,0.17289434599194045
31606,0.7149959728340222
5800,0.23007275694725976
9032,0.23007275694725976
32908,0.7149959728340222
31186,0.3744616794243352
18411,0.8143313449628915
7636,0.23007275694725976
25586,0.3744616794243352
2583,0.17289434599194045
560,0.2052694254242312
5514,0.17289434599194045
3624,0.17289434599194045
1274,0.23007275694725976
4957,0.1687122022372168
7424,0.2052694254242312
12055,0.3794605434347983
9163,0.7521176148043263
29171,0.17289434599194045
16193,0.2052694254242312
25623,0.7149959728340222
2575,0.531613298539305
21353,0.8143313449628915
9106,0.531613298539305
30470,0.258793715641035
20437,0.258793715641035
18316,0.7149959728340222
11956,0.17289434599194045
8713,0.531613298539305
12951,0.531613298539305
23795,0.23007275694725976
25933,0.3744616794243352
14271,0.46598286222544777
25129,0.8143313449628915
344,0.17289434599194045
31672,0.8143313449628915
6400,0.17289434599194045
30719,0.17289434599194045
26660,0.23007275694725976
14428,0.8143313449628915
6225,0.2052694254242312
7773,0.638599474696108
7720,0.2052694254242312
2018,0.46598286222544777
5485,0.3744616794243352
23288,0.4446468611598597
33010,0.46598286222544777
4819,0.17289434599194045
3127,0.2052694254242312
32360,0.531613298539305
23133,0.2052694254242312
28972,0.8143313449628915
7439,0.8116917265951791
28333,0.7149959728340222
25726,0.3744616794243352
15009,0.3744616794243352
20205,0.3744616794243352
31245,0.23007275694725976
10810,0.3744616794243352
1172,0.7149959728340222
10809,0.17961712239156413
16944,0.531613298539305
12829,0.531613298539305
24246,0.23007275694725976
33108,0.23007275694725976
5484,0.23007275694725976
20725,0.23007275694725976
19501,0.8143313449628915
19468,0.23007275694725976
1097,0.531613298539305
31984,0.17289434599194045
172,0.23007275694725976
4899,0.3744616794243352
19171,0.23007275694725976
21296,0.3794605434347983
14156,0.2259049168644711
31565,0.2052694254242312
21308,0.8143313449628915
691,0.23007275694725976
15225,0.17752659920059546
852,0.23007275694725976
3413,0.3744616794243352
33234,0.31324876059700435
13314,0.8143313449628915
30921,0.07667934347211158
17072,0.23007275694725976
31230,0.7521176148043263
6689,0.5025100460078044
19117,0.17289434599194045
32259,0.531613298539305
15640,0.7521176148043263
16690,0.17289434599194045
10928,0.8143313449628915
10640,0.31990621482499876
14904,0.531613298539305
5160,0.23007275694725976
8239,0.8143313449628915
11912,0.23007275694725976
23554,0.3744616794243352
17221,0.8143313449628915
25072,0.3744616794243352
19240,0.2052694254242312
12151,0.23007275694725976
26963,0.07667934347211158
2889,0.531613298539305
19260,0.23007275694725976
7626,0.8143313449628915
31896,0.30496308099208713
17673,0.2052694254242312
12645,0.7521176148043263
13726,0.1687122022372168
14240,0.8143313449628915
5113,0.31324876059700435
32646,0.8143313449628915
30645,0.23007275694725976
14500,0.7149959728340222
16525,0.3744616794243352
20663,0.531613298539305
8897,0.7149959728340222
10049,0.17289434599194045
13543,0.23007275694725976
1250,0.23007275694725976
16345,0.4491374153451415
3673,0.23007275694725976
17165,0.8072651619207
8587,0.23007275694725976
7903,0.31990621482499876
28390,0.8143313449628915
18101,0.258793715641035
3408,0.3744616794243352
3619,0.2052694254242312
9335,0.35875538428276443
31337,0.5926219304546383
18903,0.531613298539305
1406,0.2052694254242312
31133,0.8143313449628915
30475,0.531613298539305
11339,0.10236038885701704
10455,0.5926219304546383
22881,0.2052694254242312
29667,0.531613298539305
16517,0.2259049168644711
15094,0.17752659920059546
2682,0.42537940336651436
7679,0.8143313449628915
2954,0.17289434599194045
12709,0.8116917265951791
24845,0.5926219304546383
6829,0.8143313449628915
12810,0.23007275694725976
20607,0.258793715641035
10429,0.30496308099208713
18781,0.531613298539305
21189,0.23007275694725976
19996,0.531613298539305
24837,0.17289434599194045
4955,0.17289434599194045
32766,0.23007275694725976
6209,0.7521176148043263
24293,0.8143313449628915
28090,0.23007275694725976
11842,0.1687122022372168
13211,0.5926219304546383
26309,0.35875538428276443
4832,0.17752659920059546
23885,0.3744616794243352
27278,0.23007275694725976
32853,0.17961712239156413
3264,0.23007275694725976
9997,0.23007275694725976
21496,0.17908288046862147
20570,0.8031827329276716
11907,0.17289434599194045
28629,0.531613298539305
31388,0.2052694254242312
14538,0.8143313449628915
28,0.7149959728340222
32099,0.531613298539305
6356,0.5926219304546383
16058,0.2052694254242312
10198,0.23007275694725976
24993,0.531613298539305
28864,0.531613298539305
1206,0.531613298539305
14412,0.17289434599194045
19987,0.3744616794243352
15586,0.23007275694725976
17424,0.10236038885701704
19783,0.35875538428276443
15763,0.2052694254242312
6433,0.7521176148043263
7881,0.2052694254242312
9237,0.3744616794243352
26656,0.23007275694725976
14019,0.5926219304546383
27036,0.5025100460078044
8304,0.531613298539305
16458,0.8498425814628354
16138,0.531613298539305
8701,0.23007275694725976
14281,0.5926219304546383
1968,0.258793715641035
742,0.17289434599194045
17953,0.7149959728340222
660,0.5926219304546383
10829,0.17289434599194045
14159,0.7149959728340222
13603,0.17289434599194045
18232,0.23007275694725976
14574,0.8031827329276716
24725,0.46598286222544777
10737,0.17289434599194045
15141,0.23007275694725976
25308,0.8143313449628915
23084,0.23007275694725976
25465,0.17289434599194045
12340,0.258793715641035
15589,0.17289434599194045
129,0.2052694254242312
19641,0.531613298539305
8083,0.3744616794243352
4166,0.23007275694725976
14586,0.8143313449628915
21822,0.17289434599194045
2415,0.258793715641035
1382,0.531613298539305
30373,0.23007275694725976
1135,0.17289434599194045
29230,0.4446468611598597
16972,0.531613298539305
25730,0.531613298539305
17021,0.17289434599194045
19032,0.30496308099208713
6154,0.2259049168644711
2744,0.2052694254242312
621,0.7149959728340222
14035,0.8143313449628915
13621,0.8143313449628915
19202,0.17289434599194045
29010,0.8143313449628915
3606,0.5025100460078044
22214,0.2259049168644711
16245,0.531613298539305
30639,0.17752659920059546
28365,0.3744616794243352
30546,0.7149959728340222
7792,0.3744616794243352
12846,0.7521176148043263
25038,0.531613298539305
17919,0.7149959728340222
6465,0.3744616794243352
13836,0.17289434599194045
30399,0.35875538428276443
27949,0.531613298539305
27512,0.17289434599194045
22507,0.17961712239156413
656,0.7149959728340222
23663,0.7149959728340222
30907,0.17289434599194045
30023,0.35875538428276443
22045,0.531613298539305
2209,0.531613298539305
4838,0.531613298539305
28498,0.2052694254242312
1179,0.17289434599194045
10682,0.7149959728340222
20707,0.3744616794243352
31228,0.8143313449628915
11642,0.23007275694725976
14477,0.7521176148043263
25737,0.5025100460078044
21032,0.531613298539305
30770,0.8143313449628915
28733,0.2052694254242312
26032,0.7149959728340222
2421,0.8143313449628915
6027,0.30496308099208713
7266,0.8143313449628915
20956,0.531613298539305
26068,0.23007275694725976
20179,0.2259049168644711
32956,0.17289434599194045
12570,0.7914844758217565
7689,0.8143313449628915
19653,0.10236038885701704
8447,0.23007275694725976
18513,0.3744616794243352
4066,0.5926219304546383
613,0.23007275694725976
12437,0.3744616794243352
20917,0.531613298539305
12505,0.8143313449628915
22510,0.9282897472502564
6642,0.7521176148043263
8562,0.46598286222544777
13030,0.23007275694725976
33291,0.35875538428276443
10469,0.7149959728340222
30777,0.23007275694725976
31756,0.8143313449628915
3879,0.17752659920059546
16255,0.8143313449628915
5050,0.7149959728340222
4273,0.5926219304546383
14867,0.2052694254242312
16180,0.531613298539305
8491,0.07667934347211158
23514,0.2259049168644711
14398,0.17752659920059546
11444,0.35875538428276443
22303,0.3744616794243352
7391,0.31990621482499876
9195,0.8116917265951791
7519,0.46598286222544777
15307,0.5926219304546383
24683,0.531613298539305
27067,0.8143313449628915
11327,0.23007275694725976
2529,0.531613298539305
31349,0.17289434599194045
30739,0.2052694254242312
32141,0.23007275694725976
7759,0.531613298539305
16286,0.531613298539305
5381,0.7149959728340222
16782,0.531613298539305
8122,0.3744616794243352
4370,0.8031827329276716
13883,0.3744616794243352
21673,0.2052694254242312
24268,0.23007275694725976
17200,0.3744616794243352
31533,0.258793715641035
23172,0.17289434599194045
1647,0.2052694254242312
1276,0.17289434599194045
19942,0.3744616794243352
26888,0.8143313449628915
11667,0.4491374153451415
3890,0.17289434599194045
17267,0.7149959728340222
4934,0.17289434599194045
2752,0.8143313449628915
6413,0.531613298539305
5817,0.23007275694725976
27952,0.7521176148043263
6402,0.5926219304546383
2358,0.8143313449628915
7645,0.8260044857058402
15411,0.23007275694725976
32727,0.7783791724980474
32693,0.23007275694725976
471,0.2052694254242312
16922,0.3744616794243352
31991,0.17752659920059546
16212,0.8143313449628915
22477,0.8143313449628915
11514,0.258793715641035
28290,0.31324876059700435
11473,0.3744616794243352
28584,0.17752659920059546
9209,0.17752659920059546
28252,0.8143313449628915
30158,0.23007275694725976
18492,0.3744616794243352
18940,0.531613298539305
30512,0.531613298539305
19654,0.8031827329276716
16577,0.2259049168644711
17836,0.8143313449628915
29074,0.258793715641035
25155,0.8143313449628915
31796,0.3744616794243352
30965,0.2259049168644711
7212,0.31990621482499876
20419,0.8442086176083075
27143,0.3744616794243352
33134,0.1687122022372168
21657,0.7149959728340222
14255,0.531613298539305
11728,0.23007275694725976
915,0.17289434599194045
7987,0.531613298539305
25241,0.23007275694725976
18483,0.531613298539305
7032,0.10236038885701704
31668,0.531613298539305
22870,0.17752659920059546
13142,0.23007275694725976
11481,0.531613298539305
1679,0.17289434599194045
15849,0.4491374153451415
22392,0.7149959728340222
29223,0.5926219304546383
5296,0.23007275694725976
25329,0.17289434599194045
15164,0.8143313449628915
5780,0.23007275694725976
14767,0.2052694254242312
7926,0.7521176148043263
32606,0.2259049168644711
30295,0.8143313449628915
2436,0.23007275694725976
12407,0.17289434599194045
5509,0.17289434599194045
33300,0.3744616794243352
12374,0.3744616794243352
23562,0.3744616794243352
27420,0.8143313449628915
15974,0.2052694254242312
13204,0.531613298539305
12453,0.8143313449628915
21071,0.30496308099208713
795,0.17908288046862147
80,0.17289434599194045
8509,0.7149959728340222
27199,0.17289434599194045
4393,0.258793715641035
26993,0.7149959728340222
9753,0.7149959728340222
17074,0.3744616794243352
9291,0.23007275694725976
21210,0.17289434599194045
6548,0.23007275694725976
5601,0.8143313449628915
29159,0.23007275694725976
20909,0.2052694254242312
13140,0.4446468611598597
8903,0.17289434599194045
20079,0.46598286222544777
24628,0.4892423734332548
5482,0.07667934347211158
16050,0.531613298539305
18581,0.7521176148043263
14438,0.7914844758217565
8031,0.2052694254242312
32710,0.23007275694725976
5857,0.531613298539305
28799,0.07667934347211158
19726,0.17289434599194045
6191,0.42537940336651436
32521,0.258793715641035
29176,0.23007275694725976
28278,0.5025100460078044
2625,0.2052694254242312
15587,0.531613298539305
14741,0.23007275694725976
19210,0.3744616794243352
21015,0.5926219304546383
2010,0.23007275694725976
8942,0.531613298539305
9586,0.2052694254242312
6444,0.23007275694725976
1604,0.23007275694725976
24158,0.8143313449628915
24017,0.531613298539305
24362,0.23007275694725976
29969,0.2052694254242312
16831,0.531613298539305
28518,0.3744616794243352
21039,0.23007275694725976
1776,0.2259049168644711
1678,0.23007275694725976
11188,0.531613298539305
5346,0.5025100460078044
25867,0.531613298539305
8335,0.17289434599194045
29417,0.07667934347211158
28383,0.7149959728340222
31485,0.17289434599194045
11330,0.258793715641035
13259,0.17289434599194045
7539,0.2052694254242312
18271,0.920500645841841
19556,0.531613298539305
31232,0.8143313449628915
1175,0.2052694254242312
8107,0.23007275694725976
2768,0.2052694254242312
26448,0.42537940336651436
22700,0.638599474696108
10287,0.2052694254242312
21246,0.5926219304546383
9098,0.4446468611598597
17952,0.7149959728340222
3889,0.30496308099208713
268,0.23007275694725976
27376,0.5025100460078044
22042,0.5926219304546383
32395,0.23007275694725976
16955,0.4294245871778789
15027,0.2052694254242312
27771,0.7149959728340222
25918,0.3744616794243352
28694,0.5926219304546383
10523,0.8143313449628915
12163,0.3744616794243352
10279,0.7149959728340222
20918,0.531613298539305
22940,0.3744616794243352
11283,0.23007275694725976
15682,0.531613298539305
29890,0.7149959728340222
24998,0.3744616794243352
15853,0.07524198189713804
14581,0.07667934347211158
27390,0.17289434599194045
21976,0.23007275694725976
28808,0.3744616794243352
14285,0.35875538428276443
7784,0.23007275694725976
15973,0.7149959728340222
24155,0.8260044857058402
24815,0.2052694254242312
21023,0.1687122022372168
27787,0.23007275694725976
24378,0.7149959728340222
7346,0.23007275694725976
25958,0.17289434599194045
32635,0.7149959728340222
1985,0.8143313449628915
288,0.531613298539305
27281,0.17289434599194045
7953,0.8498425814628354
366,0.7149959728340222
27108,0.531613298539305
9514,0.17289434599194045
17386,0.1687122022372168
4889,0.531613298539305
22974,0.5926219304546383
28176,0.17752659920059546
17224,0.531613298539305
32636,0.8143313449628915
21511,0.10236038885701704
25408,0.8143313449628915
10308,0.35875538428276443
6509,0.8260044857058402
12676,0.17289434599194045
22320,0.2052694254242312
19403,0.8143313449628915
25679,0.23007275694725976
25097,0.7149959728340222
30538,0.23007275694725976
29321,0.23007275694725976
5083,0.23007275694725976
17194,0.3744616794243352
25371,0.23007275694725976
25629,0.31324876059700435
2790,0.8143313449628915
31615,0.2052694254242312
9134,0.8143313449628915
23968,0.531613298539305
24908,0.8143313449628915
22712,0.31990621482499876
11063,0.3744616794243352
16129,0.5926219304546383
25292,0.2052694254242312
11796,0.7149959728340222
31234,0.531613298539305
4581,0.5025100460078044
17703,0.23007275694725976
30036,0.31990621482499876
9837,0.531613298539305
2715,0.3744616794243352
22652,0.531613298539305
15158,0.23007275694725976
830,0.2052694254242312
24660,0.30496308099208713
2915,0.3744616794243352
18322,0.531613298539305
23189,0.23007275694725976
25544,0.531613298539305
15534,0.531613298539305
12312,0.8143313449628915
7789,0.531613298539305
6335,0.07667934347211158
17675,0.23007275694725976
7156,0.7149959728340222
14816,0.3744616794243352
31402,0.531613298539305
12759,0.23007275694725976
18706,0.3744616794243352
5266,0.531613298539305
27308,0.7149959728340222
6721,0.8143313449628915
667,0.23007275694725976
3027,0.23007275694725976
8735,0.5025100460078044
24238,0.8143313449628915
28911,0.17289434599194045
18575,0.531613298539305
15098,0.2052694254242312
33308,0.8143313449628915
185,0.23007275694725976
25603,0.531613298539305
27386,0.3744616794243352
28630,0.3744616794243352
32243,0.17289434599194045
3635,0.7149959728340222
30957,0.531613298539305
2326,0.5926219304546383
17950,0.8143313449628915
32910,0.8143313449628915
32353,0.531613298539305
13462,0.8143313449628915
28937,0.2052694254242312
29276,0.8143313449628915
16082,0.23007275694725976
515,0.23007275694725976
31826,0.31324876059700435
14515,0.23007275694725976
26722,0.8143313449628915
2937,0.07667934347211158
30103,0.23007275694725976
25100,0.07667934347211158
13397,0.23007275694725976
8413,0.8143313449628915
11413,0.7149959728340222
9556,0.531613298539305
28061,0.7521176148043263
32374,0.23007275694725976
16251,0.8143313449628915
23674,0.8143313449628915
16689,0.2052694254242312
8042,0.3744616794243352
9055,0.7521176148043263
12674,0.2052694254242312
16328,0.258793715641035
22099,0.23007275694725976
6314,0.5926219304546383
4579,0.258793715641035
11640,0.7149959728340222
5126,0.23007275694725976
11401,0.17752659920059546
5841,0.23007275694725976
1838,0.8498425814628354
6398,0.23007275694725976
18267,0.17961712239156413
22591,0.8143313449628915
12996,0.531613298539305
8514,0.23007275694725976
3862,0.23007275694725976
29762,0.3666620773353321
32795,0.8143313449628915
9918,0.23007275694725976
10162,0.2052694254242312
18847,0.531613298539305
26138,0.531613298539305
30294,0.2259049168644711
31629,0.2052694254242312
32019,0.5926219304546383
29341,0.4294245871778789
31465,0.23007275694725976
19158,0.531613298539305
26354,0.23007275694725976
2936,0.23007275694725976
24820,0.3469425501801335
29326,0.8143313449628915
32022,0.17289434599194045
10478,0.8116917265951791
24800,0.7149959728340222
29243,0.5025100460078044
22835,0.7149959728340222
6615,0.8143313449628915
32152,0.2052694254242312
7281,0.5025100460078044
7314,0.3744616794243352
5479,0.7149959728340222
28427,0.3656723586515532
18166,0.17961712239156413
18384,0.7149959728340222
23628,0.4491374153451415
18665,0.920500645841841
20691,0.8143313449628915
10260,0.8143313449628915
4586,0.8143313449628915
610,0.2259049168644711
17389,0.531613298539305
12558,0.8143313449628915
16395,0.23007275694725976
11770,0.3744616794243352
27991,0.3744616794243352
27425,0.531613298539305
25585,0.7521176148043263
20758,0.2052694254242312
4791,0.258793715641035
18816,0.8143313449628915
31466,0.3744616794243352
12500,0.23007275694725976
1928,0.8143313449628915
15385,0.5025100460078044
14264,0.23007275694725976
29541,0.2052694254242312
8426,0.2052694254242312
11148,0.3469425501801335
22661,0.2052694254242312
19550,0.8143313449628915
15384,0.8143313449628915
1443,0.17752659920059546
14491,0.3744616794243352
3275,0.17289434599194045
5265,0.17961712239156413
15865,0.5926219304546383
8539,0.17289434599194045
25995,0.3656723586515532
12288,0.531613298539305
25411,0.2259049168644711
12189,0.8143313449628915
27933,0.23007275694725976
11273,0.2052694254242312
30859,0.23007275694725976
15521,0.17289434599194045
25054,0.8143313449628915
11506,0.531613298539305
5934,0.17289434599194045
3689,0.3666620773353321
27337,0.6436563824073518
15911,0.3744616794243352
32996,0.23007275694725976
10663,0.23007275694725976
18356,0.8143313449628915
6865,0.2259049168644711
30679,0.23007275694725976
7347,0.46598286222544777
31951,0.8143313449628915
13009,0.5926219304546383
6452,0.23007275694725976
19294,0.2052694254242312
12946,0.23007275694725976
8375,0.531613298539305
8043,0.3744616794243352
4063,0.2259049168644711
14821,0.17289434599194045
16107,0.531613298539305
23465,0.7149959728340222
18698,0.3744616794243352
24582,0.258793715641035
19239,0.23007275694725976
9664,0.2052694254242312
17300,0.8143313449628915
21257,0.3794605434347983
26856,0.2052694254242312
29283,0.23007275694725976
30846,0.17961712239156413
24670,0.23007275694725976
11391,0.3666620773353321
13823,0.5025100460078044
25931,0.23007275694725976
14638,0.17289434599194045
29031,0.531613298539305
14883,0.920500645841841
17924,0.3744616794243352
30951,0.2052694254242312
9051,0.8143313449628915
6963,0.17289434599194045
3559,0.2052694254242312
9700,0.30496308099208713
11849,0.3744616794243352
22737,0.3744616794243352
6969,0.531613298539305
31870,0.17289434599194045
25263,0.2052694254242312
21049,0.531613298539305
17307,0.531613298539305
19471,0.17289434599194045
22338,0.23007275694725976
18519,0.8143313449628915
8752,0.5926219304546383
17254,0.3744616794243352
31441,0.531613298539305
13175,0.258793715641035
2122,0.8143313449628915
734,0.2052694254242312
10655,0.7149959728340222
20900,0.2052694254242312
25977,0.8143313449628915
8038,0.31990621482499876
9275,0.531613298539305
26576,0.46598286222544777
8184,0.8143313449628915
25181,0.4294245871778789
27059,0.23007275694725976
17920,0.23007275694725976
14932,0.23007275694725976
2491,0.3744616794243352
22450,0.8116917265951791
12831,0.17289434599194045
24057,0.7521176148043263
27854,0.23007275694725976
9083,0.23007275694725976
26670,0.531613298539305
5709,0.17289434599194045
31995,0.8143313449628915
11845,0.5926219304546383
14052,0.2052694254242312
22407,0.8031827329276716
33353,0.17289434599194045
32278,0.7149959728340222
14069,0.7149959728340222
828,0.5926219304546383
16574,0.23007275694725976
6742,0.7914844758217565
6583,0.3744616794243352
15159,0.17289434599194045
16614,0.17289434599194045
27456,0.17289434599194045
16462,0.8143313449628915
32105,0.7914844758217565
22464,0.8143313449628915
20165,0.7149959728340222
2610,0.531613298539305
18668,0.2052694254242312
20361,0.8143313449628915
1055,0.30496308099208713
19794,0.7149959728340222
4810,0.7149959728340222
16560,0.7149959728340222
5236,0.7149959728340222
28886,0.8116917265951791
18338,0.23007275694725976
25697,0.5926219304546383
15150,0.23007275694725976
5005,0.531613298539305
8358,0.2052694254242312
27297,0.7783791724980474
19413,0.8143313449628915
5111,0.7149959728340222
13477,0.7149959728340222
2120,0.23007275694725976
28293,0.3744616794243352
31481,0.8143313449628915
25635,0.07667934347211158
14041,0.2052694254242312
10311,0.17289434599194045
13925,0.17289434599194045
2183,0.8143313449628915
23188,0.31324876059700435
8982,0.531613298539305
20064,0.3744616794243352
21604,0.8442086176083075
3991,0.5926219304546383
3307,0.4892423734332548
4343,0.23007275694725976
24642,0.3744616794243352
12008,0.17289434599194045
22200,0.10236038885701704
2789,0.531613298539305
22697,0.8143313449628915
20321,0.531613298539305
13470,0.23007275694725976
31236,0.7783791724980474
32607,0.8143313449628915
8216,0.8116917265951791
5320,0.23007275694725976
30466,0.5025100460078044
24026,0.8498425814628354
30013,0.17289434599194045
22342,0.5025100460078044
370,0.531613298539305
30365,0.8143313449628915
30316,0.8143313449628915
28350,0.531613298539305
11927,0.531613298539305
31708,0.8143313449628915
25882,0.7149959728340222
16079,0.8442086176083075
21788,0.35875538428276443
2530,0.5025100460078044
20640,0.531613298539305
7148,0.31324876059700435
20308,0.7149959728340222
2196,0.17289434599194045
17225,0.17289434599194045
28163,0.2052694254242312
16164,0.23007275694725976
11460,0.7521176148043263
2900,0.31990621482499876
1026,0.4446468611598597
8049,0.3744616794243352
12413,0.23007275694725976
17269,0.3744616794243352
3885,0.2052694254242312
5194,0.5926219304546383
11644,0.3469425501801335
28377,0.3744616794243352
25914,0.8143313449628915
24947,0.23007275694725976
32540,0.737516896285198
1346,0.23007275694725976
13220,0.23007275694725976
19336,0.17289434599194045
7416,0.46598286222544777
26996,0.2052694254242312
26859,0.531613298539305
13498,0.3744616794243352
17659,0.23007275694725976
25173,0.17289434599194045
12002,0.2052694254242312
22468,0.8143313449628915
25106,0.3744616794243352
11730,0.2259049168644711
21871,0.2052694254242312
19543,0.4892423734332548
4842,0.5025100460078044
12874,0.2259049168644711
19725,0.7914844758217565
27614,0.17289434599194045
322,0.2052694254242312
29603,0.23007275694725976
28292,0.5025100460078044
423,0.23007275694725976
22858,0.3744616794243352
16449,0.2052694254242312
26195,0.2052694254242312
29710,0.7149959728340222
11901,0.5926219304546383
8170,0.3744616794243352
31818,0.7521176148043263
10618,0.8143313449628915
10217,0.531613298539305
13819,0.3744616794243352
13722,0.258793715641035
18100,0.5025100460078044
5029,0.17752659920059546
31473,0.30496308099208713
26801,0.531613298539305
18912,0.23007275694725976
27030,0.3744616794243352
3647,0.5025100460078044
4222,0.8116917265951791
25614,0.7149959728340222
19648,0.8143313449628915
22430,0.8260044857058402
15851,0.531613298539305
301,0.17289434599194045
18825,0.23007275694725976
31758,0.920500645841841
5898,0.8072651619207
17932,0.10236038885701704
30260,0.1687122022372168
17669,0.23007275694725976
14806,0.3744616794243352
22480,0.23007275694725976
29259,0.3744616794243352
22746,0.5926219304546383
9852,0.531613298539305
30,0.3794605434347983
17854,0.23007275694725976
9205,0.531613298539305
17779,0.8143313449628915
20154,0.23007275694725976
16828,0.531613298539305
7387,0.2052694254242312
31802,0.3744616794243352
17188,0.9151644129778143
7300,0.2052694254242312
12136,0.17289434599194045
21899,0.23007275694725976
10834,0.4491374153451415
20841,0.8143313449628915
5962,0.8143313449628915
7813,0.258793715641035
10847,0.3744616794243352
30109,0.7149959728340222
3312,0.17289434599194045
12884,0.17752659920059546
20514,0.531613298539305
8411,0.23007275694725976
16798,0.3744616794243352
27389,0.23007275694725976
32783,0.3469425501801335
10230,0.2052694254242312
5980,0.8116917265951791
3672,0.8143313449628915
29832,0.8143313449628915
18719,0.8116917265951791
23024,0.23007275694725976
29629,0.8143313449628915
8112,0.7149959728340222
13953,0.46598286222544777
17450,0.8143313449628915
9752,0.8143313449628915
10167,0.7149959728340222
181,0.7789786095954948
1476,0.31990621482499876
16816,0.23007275694725976
16023,0.531613298539305
12059,0.3744616794243352
28220,0.2259049168644711
18822,0.17289434599194045
17720,0.46598286222544777
13419,0.531613298539305
23734,0.1687122022372168
6610,0.4294245871778789
18569,0.4294245871778789
25136,0.7149959728340222
21469,0.31990621482499876
19752,0.258793715641035
32453,0.2052694254242312
24625,0.2052694254242312
32745,0.3744616794243352
15144,0.17289434599194045
26541,0.3744616794243352
14132,0.23007275694725976
2580,0.17289434599194045
32229,0.31990621482499876
11638,0.258793715641035
7132,0.531613298539305
22168,0.23007275694725976
29886,0.531613298539305
5130,0.17752659920059546
923,0.17752659920059546
28035,0.7149959728340222
17153,0.17289434599194045
30428,0.531613298539305
14687,0.17289434599194045
26621,0.8143313449628915
19744,0.4294245871778789
32698,0.5926219304546383
15049,0.7149959728340222
32808,0.8143313449628915
7535,0.2052694254242312
20622,0.7149959728340222
22863,0.2052694254242312
21845,0.5926219304546383
16135,0.3744616794243352
15095,0.531613298539305
29703,0.4446468611598597
14785,0.7521176148043263
20150,0.23007275694725976
19473,0.3794605434347983
26862,0.23007275694725976
3377,0.17289434599194045
21166,0.7149959728340222
24684,0.35875538428276443
32511,0.30496308099208713
10587,0.531613298539305
23210,0.17289434599194045
8243,0.3744616794243352
2046,0.3744616794243352
875,0.2052694254242312
437,0.23007275694725976
9208,0.9282897472502564
18560,0.17289434599194045
31361,0.531613298539305
3432,0.7783791724980474
17066,0.258793715641035
17993,0.531613298539305
4879,0.531613298539305
32898,0.7789786095954948
28680,0.23007275694725976
10304,0.5926219304546383
26899,0.17752659920059546
23403,0.3744616794243352
21936,0.2259049168644711
26927,0.4491374153451415
25713,0.23007275694725976
23976,0.4491374153451415
29908,0.30496308099208713
17426,0.7521176148043263
9806,0.23007275694725976
25886,0.2259049168644711
2736,0.2052694254242312
26688,0.2052694254242312
19261,0.23007275694725976
16728,0.23007275694725976
8837,0.531613298539305
9345,0.3744616794243352
25696,0.17289434599194045
33236,0.17289434599194045
7258,0.31990621482499876
4274,0.3744616794243352
18287,0.23007275694725976
25062,0.23007275694725976
11144,0.23007275694725976
11404,0.2052694254242312
13232,0.23007275694725976
21968,0.8143313449628915
12142,0.8143313449628915
30796,0.23007275694725976
23735,0.7789786095954948
26679,0.2052694254242312
21726,0.17289434599194045
5171,0.8143313449628915
3180,0.10236038885701704
26950,0.531613298539305
24234,0.9218199994271928
32649,0.7789786095954948
4377,0.8143313449628915
545,0.3744616794243352
13114,0.2259049168644711
22786,0.7149959728340222
21335,0.8143313449628915
13292,0.531613298539305
25862,0.23007275694725976
37,0.7149959728340222
25890,0.5926219304546383
22037,0.23007275694725976
29304,0.31990621482499876
19816,0.2259049168644711
7012,0.8116917265951791
23338,0.8143313449628915
30621,0.5926219304546383
11855,0.3794605434347983
14062,0.531613298539305
952,0.17289434599194045
28695,0.638599474696108
25255,0.23007275694725976
14684,0.17289434599194045
2599,0.531613298539305
27764,0.7149959728340222
22708,0.8143313449628915
13605,0.17961712239156413
3445,0.23007275694725976
12029,0.3666620773353321
28494,0.531613298539305
26151,0.17289434599194045
30903,0.531613298539305
23078,0.5025100460078044
3520,0.3744616794243352
23948,0.7149959728340222
20536,0.8498425814628354
12472,0.531613298539305
12756,0.23007275694725976
634,0.3656723586515532
11458,0.531613298539305
20348,0.3744616794243352
21057,0.5926219304546383
26446,0.7789786095954948
24170,0.23007275694725976
16216,0.23007275694725976
28349,0.17289434599194045
17295,0.23007275694725976
33316,0.17908288046862147
5280,0.3744616794243352
11201,0.3744616794243352
26483,0.2259049168644711
10977,0.17289434599194045
33290,0.8143313449628915
27216,0.920500645841841
7877,0.23007275694725976
5650,0.3469425501801335
6590,0.3744616794243352
13464,0.8143313449628915
25639,0.23007275694725976
12406,0.7149959728340222
32113,0.23007275694725976
3787,0.2052694254242312
23606,0.5926219304546383
7522,0.7149959728340222
15293,0.7149959728340222
7564,0.531613298539305
19218,0.23007275694725976
19678,0.2052694254242312
19499,0.10236038885701704
13962,0.3744616794243352
22744,0.3744616794243352
21887,0.7149959728340222
28552,0.531613298539305
10726,0.17289434599194045
6294,0.3744616794243352
13833,0.8260044857058402
31643,0.23007275694725976
21500,0.1687122022372168
33225,0.3744616794243352
8905,0.3744616794243352
9772,0.10236038885701704
27163,0.2259049168644711
24507,0.7149959728340222
21339,0.8143313449628915
1289,0.7149959728340222
195,0.3744616794243352
31762,0.3744616794243352
7873,0.17289434599194045
12215,0.23007275694725976
